placeDcid,placeName,Date:Count_Person_NotAUSCitizen_NoHealthInsurance_ForeignBorn,Value:Count_Person_NotAUSCitizen_NoHealthInsurance_ForeignBorn,Source:Count_Person_NotAUSCitizen_NoHealthInsurance_ForeignBorn,Date:Count_Person_5OrMoreYears_HindiSpokenAtHome,Value:Count_Person_5OrMoreYears_HindiSpokenAtHome,Source:Count_Person_5OrMoreYears_HindiSpokenAtHome,Date:Count_Person,Value:Count_Person,Source:Count_Person,Date:Count_Person_BachelorOfScienceAndEngineeringMajor,Value:Count_Person_BachelorOfScienceAndEngineeringMajor,Source:Count_Person_BachelorOfScienceAndEngineeringMajor,Date:Count_Person_BachelorOfArtsHumanitiesAndOtherMajor,Value:Count_Person_BachelorOfArtsHumanitiesAndOtherMajor,Source:Count_Person_BachelorOfArtsHumanitiesAndOtherMajor
geoId/53001,Adams County,2021,2209,https://data.census.gov/cedsci/table?q=S2701&tid=ACSST5Y2020.S2701,2015,0,https://www.census.gov/programs-surveys/acs/data/data-via-ftp.html,2023,20820,https://www2.census.gov/programs-surveys/popest/tables,2021,476,https://data.census.gov/cedsci/table?q=S1502&tid=ACSST5Y2019.S1502,2021,310,https://data.census.gov/cedsci/table?q=S1502&tid=ACSST5Y2019.S1502
geoId/53003,Asotin County,2021,54,https://data.census.gov/cedsci/table?q=S2701&tid=ACSST5Y2020.S2701,2015,7,https://www.census.gov/programs-surveys/acs/data/data-via-ftp.html,2023,22549,https://www2.census.gov/programs-surveys/popest/tables,2021,1275,https://data.census.gov/cedsci/table?q=S1502&tid=ACSST5Y2019.S1502,2021,655,https://data.census.gov/cedsci/table?q=S1502&tid=ACSST5Y2019.S1502
geoId/53005,Benton County,2021,4643,https://data.census.gov/cedsci/table?q=S2701&tid=ACSST5Y2020.S2701,2015,109,https://www.census.gov/programs-surveys/acs/data/data-via-ftp.html,2023,215219,https://www2.census.gov/programs-surveys/popest/tables,2021,18951,https://data.census.gov/cedsci/table?q=S1502&tid=ACSST5Y2019.S1502,2021,8064,https://data.census.gov/cedsci/table?q=S1502&tid=ACSST5Y2019.S1502
geoId/53007,Chelan County,2021,2973,https://data.census.gov/cedsci/table?q=S2701&tid=ACSST5Y2020.S2701,2015,0,https://www.census.gov/programs-surveys/acs/data/data-via-ftp.html,2023,79997,https://www2.census.gov/programs-surveys/popest/tables,2021,5140,https://data.census.gov/cedsci/table?q=S1502&tid=ACSST5Y2019.S1502,2021,3200,https://data.census.gov/cedsci/table?q=S1502&tid=ACSST5Y2019.S1502
geoId/53009,Clallam County,2021,307,https://data.census.gov/cedsci/table?q=S2701&tid=ACSST5Y2020.S2701,2015,118,https://www.census.gov/programs-surveys/acs/data/data-via-ftp.html,2023,77616,https://www2.census.gov/programs-surveys/popest/tables,2021,6165,https://data.census.gov/cedsci/table?q=S1502&tid=ACSST5Y2019.S1502,2021,5072,https://data.census.gov/cedsci/table?q=S1502&tid=ACSST5Y2019.S1502
geoId/53011,Clark County,2021,8072,https://data.census.gov/cedsci/table?q=S2701&tid=ACSST5Y2020.S2701,2015,422,https://www.census.gov/programs-surveys/acs/data/data-via-ftp.html,2023,521150,https://www2.census.gov/programs-surveys/popest/tables,2021,40189,https://data.census.gov/cedsci/table?q=S1502&tid=ACSST5Y2019.S1502,2021,25483,https://data.census.gov/cedsci/table?q=S1502&tid=ACSST5Y2019.S1502
geoId/53013,Columbia County,2021,57,https://data.census.gov/cedsci/table?q=S2701&tid=ACSST5Y2020.S2701,2015,0,https://www.census.gov/programs-surveys/acs/data/data-via-ftp.html,2023,4053,https://www2.census.gov/programs-surveys/popest/tables,2021,267,https://data.census.gov/cedsci/table?q=S1502&tid=ACSST5Y2019.S1502,2021,159,https://data.census.gov/cedsci/table?q=S1502&tid=ACSST5Y2019.S1502
geoId/53015,Cowlitz County,2021,981,https://data.census.gov/cedsci/table?q=S2701&tid=ACSST5Y2020.S2701,2015,10,https://www.census.gov/programs-surveys/acs/data/data-via-ftp.html,2023,112864,https://www2.census.gov/programs-surveys/popest/tables,2021,4157,https://data.census.gov/cedsci/table?q=S1502&tid=ACSST5Y2019.S1502,2021,3061,https://data.census.gov/cedsci/table?q=S1502&tid=ACSST5Y2019.S1502
geoId/53017,Douglas County,2021,2602,https://data.census.gov/cedsci/table?q=S2701&tid=ACSST5Y2020.S2701,2015,0,https://www.census.gov/programs-surveys/acs/data/data-via-ftp.html,2023,44798,https://www2.census.gov/programs-surveys/popest/tables,2021,1703,https://data.census.gov/cedsci/table?q=S1502&tid=ACSST5Y2019.S1502,2021,1094,https://data.census.gov/cedsci/table?q=S1502&tid=ACSST5Y2019.S1502
geoId/53019,Ferry County,2021,0,https://data.census.gov/cedsci/table?q=S2701&tid=ACSST5Y2020.S2701,2015,0,https://www.census.gov/programs-surveys/acs/data/data-via-ftp.html,2023,7497,https://www2.census.gov/programs-surveys/popest/tables,2021,269,https://data.census.gov/cedsci/table?q=S1502&tid=ACSST5Y2019.S1502,2021,217,https://data.census.gov/cedsci/table?q=S1502&tid=ACSST5Y2019.S1502
geoId/53021,Franklin County,2021,7132,https://data.census.gov/cedsci/table?q=S2701&tid=ACSST5Y2020.S2701,2015,12,https://www.census.gov/programs-surveys/acs/data/data-via-ftp.html,2023,99034,https://www2.census.gov/programs-surveys/popest/tables,2021,3654,https://data.census.gov/cedsci/table?q=S1502&tid=ACSST5Y2019.S1502,2021,2064,https://data.census.gov/cedsci/table?q=S1502&tid=ACSST5Y2019.S1502
geoId/53023,Garfield County,2021,13,https://data.census.gov/cedsci/table?q=S2701&tid=ACSST5Y2020.S2701,2015,0,https://www.census.gov/programs-surveys/acs/data/data-via-ftp.html,2023,2363,https://www2.census.gov/programs-surveys/popest/tables,2021,134,https://data.census.gov/cedsci/table?q=S1502&tid=ACSST5Y2019.S1502,2021,103,https://data.census.gov/cedsci/table?q=S1502&tid=ACSST5Y2019.S1502
geoId/53025,Grant County,2021,6690,https://data.census.gov/cedsci/table?q=S2701&tid=ACSST5Y2020.S2701,2015,0,https://www.census.gov/programs-surveys/acs/data/data-via-ftp.html,2023,102678,https://www2.census.gov/programs-surveys/popest/tables,2021,3700,https://data.census.gov/cedsci/table?q=S1502&tid=ACSST5Y2019.S1502,2021,2237,https://data.census.gov/cedsci/table?q=S1502&tid=ACSST5Y2019.S1502
geoId/53027,Grays Harbor County,2021,892,https://data.census.gov/cedsci/table?q=S2701&tid=ACSST5Y2020.S2701,2015,36,https://www.census.gov/programs-surveys/acs/data/data-via-ftp.html,2023,77290,https://www2.census.gov/programs-surveys/popest/tables,2021,3135,https://data.census.gov/cedsci/table?q=S1502&tid=ACSST5Y2019.S1502,2021,2013,https://data.census.gov/cedsci/table?q=S1502&tid=ACSST5Y2019.S1502
geoId/53029,Island County,2021,339,https://data.census.gov/cedsci/table?q=S2701&tid=ACSST5Y2020.S2701,2015,0,https://www.census.gov/programs-surveys/acs/data/data-via-ftp.html,2023,86267,https://www2.census.gov/programs-surveys/popest/tables,2021,8414,https://data.census.gov/cedsci/table?q=S1502&tid=ACSST5Y2019.S1502,2021,5442,https://data.census.gov/cedsci/table?q=S1502&tid=ACSST5Y2019.S1502
geoId/53031,Jefferson County,2021,144,https://data.census.gov/cedsci/table?q=S2701&tid=ACSST5Y2020.S2701,2015,2,https://www.census.gov/programs-surveys/acs/data/data-via-ftp.html,2023,33714,https://www2.census.gov/programs-surveys/popest/tables,2021,4940,https://data.census.gov/cedsci/table?q=S1502&tid=ACSST5Y2019.S1502,2021,3353,https://data.census.gov/cedsci/table?q=S1502&tid=ACSST5Y2019.S1502
geoId/53033,King County,2021,46305,https://data.census.gov/cedsci/table?q=S2701&tid=ACSST5Y2020.S2701,2015,15643,https://www.census.gov/programs-surveys/acs/data/data-via-ftp.html,2023,2271380,https://www2.census.gov/programs-surveys/popest/tables,2021,415909,https://data.census.gov/cedsci/table?q=S1502&tid=ACSST5Y2019.S1502,2021,200756,https://data.census.gov/cedsci/table?q=S1502&tid=ACSST5Y2019.S1502
geoId/53035,Kitsap County,2021,982,https://data.census.gov/cedsci/table?q=S2701&tid=ACSST5Y2020.S2701,2015,52,https://www.census.gov/programs-surveys/acs/data/data-via-ftp.html,2023,277658,https://www2.census.gov/programs-surveys/popest/tables,2021,26934,https://data.census.gov/cedsci/table?q=S1502&tid=ACSST5Y2019.S1502,2021,17272,https://data.census.gov/cedsci/table?q=S1502&tid=ACSST5Y2019.S1502
geoId/53037,Kittitas County,2021,162,https://data.census.gov/cedsci/table?q=S2701&tid=ACSST5Y2020.S2701,2015,0,https://www.census.gov/programs-surveys/acs/data/data-via-ftp.html,2023,45508,https://www2.census.gov/programs-surveys/popest/tables,2021,3943,https://data.census.gov/cedsci/table?q=S1502&tid=ACSST5Y2019.S1502,2021,2586,https://data.census.gov/cedsci/table?q=S1502&tid=ACSST5Y2019.S1502
geoId/53039,Klickitat County,2021,387,https://data.census.gov/cedsci/table?q=S2701&tid=ACSST5Y2020.S2701,2015,0,https://www.census.gov/programs-surveys/acs/data/data-via-ftp.html,2023,23589,https://www2.census.gov/programs-surveys/popest/tables,2021,2054,https://data.census.gov/cedsci/table?q=S1502&tid=ACSST5Y2019.S1502,2021,1228,https://data.census.gov/cedsci/table?q=S1502&tid=ACSST5Y2019.S1502
geoId/53041,Lewis County,2021,849,https://data.census.gov/cedsci/table?q=S2701&tid=ACSST5Y2020.S2701,2015,12,https://www.census.gov/programs-surveys/acs/data/data-via-ftp.html,2023,86154,https://www2.census.gov/programs-surveys/popest/tables,2021,3714,https://data.census.gov/cedsci/table?q=S1502&tid=ACSST5Y2019.S1502,2021,2396,https://data.census.gov/cedsci/table?q=S1502&tid=ACSST5Y2019.S1502
geoId/53043,Lincoln County,2021,1,https://data.census.gov/cedsci/table?q=S2701&tid=ACSST5Y2020.S2701,2015,0,https://www.census.gov/programs-surveys/acs/data/data-via-ftp.html,2023,11738,https://www2.census.gov/programs-surveys/popest/tables,2021,696,https://data.census.gov/cedsci/table?q=S1502&tid=ACSST5Y2019.S1502,2021,306,https://data.census.gov/cedsci/table?q=S1502&tid=ACSST5Y2019.S1502
geoId/53045,Mason County,2021,1019,https://data.census.gov/cedsci/table?q=S2701&tid=ACSST5Y2020.S2701,2015,0,https://www.census.gov/programs-surveys/acs/data/data-via-ftp.html,2023,68389,https://www2.census.gov/programs-surveys/popest/tables,2021,3461,https://data.census.gov/cedsci/table?q=S1502&tid=ACSST5Y2019.S1502,2021,1642,https://data.census.gov/cedsci/table?q=S1502&tid=ACSST5Y2019.S1502
geoId/53047,Okanogan County,2021,1652,https://data.census.gov/cedsci/table?q=S2701&tid=ACSST5Y2020.S2701,2015,4,https://www.census.gov/programs-surveys/acs/data/data-via-ftp.html,2023,43712,https://www2.census.gov/programs-surveys/popest/tables,2021,2527,https://data.census.gov/cedsci/table?q=S1502&tid=ACSST5Y2019.S1502,2021,1482,https://data.census.gov/cedsci/table?q=S1502&tid=ACSST5Y2019.S1502
geoId/53049,Pacific County,2021,82,https://data.census.gov/cedsci/table?q=S2701&tid=ACSST5Y2020.S2701,2015,0,https://www.census.gov/programs-surveys/acs/data/data-via-ftp.html,2023,24200,https://www2.census.gov/programs-surveys/popest/tables,2021,1299,https://data.census.gov/cedsci/table?q=S1502&tid=ACSST5Y2019.S1502,2021,1115,https://data.census.gov/cedsci/table?q=S1502&tid=ACSST5Y2019.S1502
geoId/53051,Pend Oreille County,2021,16,https://data.census.gov/cedsci/table?q=S2701&tid=ACSST5Y2020.S2701,2015,0,https://www.census.gov/programs-surveys/acs/data/data-via-ftp.html,2023,14361,https://www2.census.gov/programs-surveys/popest/tables,2021,876,https://data.census.gov/cedsci/table?q=S1502&tid=ACSST5Y2019.S1502,2021,436,https://data.census.gov/cedsci/table?q=S1502&tid=ACSST5Y2019.S1502
geoId/53053,Pierce County,2021,10692,https://data.census.gov/cedsci/table?q=S2701&tid=ACSST5Y2020.S2701,2015,553,https://www.census.gov/programs-surveys/acs/data/data-via-ftp.html,2023,928696,https://www2.census.gov/programs-surveys/popest/tables,2021,61986,https://data.census.gov/cedsci/table?q=S1502&tid=ACSST5Y2019.S1502,2021,44129,https://data.census.gov/cedsci/table?q=S1502&tid=ACSST5Y2019.S1502
geoId/53055,San Juan County,2021,152,https://data.census.gov/cedsci/table?q=S2701&tid=ACSST5Y2020.S2701,2015,9,https://www.census.gov/programs-surveys/acs/data/data-via-ftp.html,2023,18566,https://www2.census.gov/programs-surveys/popest/tables,2021,3135,https://data.census.gov/cedsci/table?q=S1502&tid=ACSST5Y2019.S1502,2021,2082,https://data.census.gov/cedsci/table?q=S1502&tid=ACSST5Y2019.S1502
geoId/53057,Skagit County,2021,2931,https://data.census.gov/cedsci/table?q=S2701&tid=ACSST5Y2020.S2701,2015,30,https://www.census.gov/programs-surveys/acs/data/data-via-ftp.html,2023,131417,https://www2.census.gov/programs-surveys/popest/tables,2021,9922,https://data.census.gov/cedsci/table?q=S1502&tid=ACSST5Y2019.S1502,2021,6505,https://data.census.gov/cedsci/table?q=S1502&tid=ACSST5Y2019.S1502
geoId/53059,Skamania County,2021,4,https://data.census.gov/cedsci/table?q=S2701&tid=ACSST5Y2020.S2701,2015,2,https://www.census.gov/programs-surveys/acs/data/data-via-ftp.html,2023,12640,https://www2.census.gov/programs-surveys/popest/tables,2021,870,https://data.census.gov/cedsci/table?q=S1502&tid=ACSST5Y2019.S1502,2021,493,https://data.census.gov/cedsci/table?q=S1502&tid=ACSST5Y2019.S1502
geoId/53061,Snohomish County,2021,14669,https://data.census.gov/cedsci/table?q=S2701&tid=ACSST5Y2020.S2701,2015,2157,https://www.census.gov/programs-surveys/acs/data/data-via-ftp.html,2023,844761,https://www2.census.gov/programs-surveys/popest/tables,2021,81513,https://data.census.gov/cedsci/table?q=S1502&tid=ACSST5Y2019.S1502,2021,44669,https://data.census.gov/cedsci/table?q=S1502&tid=ACSST5Y2019.S1502
geoId/53063,Spokane County,2021,2297,https://data.census.gov/cedsci/table?q=S2701&tid=ACSST5Y2020.S2701,2015,243,https://www.census.gov/programs-surveys/acs/data/data-via-ftp.html,2023,551455,https://www2.census.gov/programs-surveys/popest/tables,2021,38344,https://data.census.gov/cedsci/table?q=S1502&tid=ACSST5Y2019.S1502,2021,27332,https://data.census.gov/cedsci/table?q=S1502&tid=ACSST5Y2019.S1502
geoId/53065,Stevens County,2021,59,https://data.census.gov/cedsci/table?q=S2701&tid=ACSST5Y2020.S2701,2015,0,https://www.census.gov/programs-surveys/acs/data/data-via-ftp.html,2023,48837,https://www2.census.gov/programs-surveys/popest/tables,2021,2412,https://data.census.gov/cedsci/table?q=S1502&tid=ACSST5Y2019.S1502,2021,1234,https://data.census.gov/cedsci/table?q=S1502&tid=ACSST5Y2019.S1502
geoId/53067,Thurston County,2021,2012,https://data.census.gov/cedsci/table?q=S2701&tid=ACSST5Y2020.S2701,2015,413,https://www.census.gov/programs-surveys/acs/data/data-via-ftp.html,2023,299003,https://www2.census.gov/programs-surveys/popest/tables,2021,28988,https://data.census.gov/cedsci/table?q=S1502&tid=ACSST5Y2019.S1502,2021,18997,https://data.census.gov/cedsci/table?q=S1502&tid=ACSST5Y2019.S1502
geoId/53069,Wahkiakum County,2021,0,https://data.census.gov/cedsci/table?q=S2701&tid=ACSST5Y2020.S2701,2015,0,https://www.census.gov/programs-surveys/acs/data/data-via-ftp.html,2023,4765,https://www2.census.gov/programs-surveys/popest/tables,2021,235,https://data.census.gov/cedsci/table?q=S1502&tid=ACSST5Y2019.S1502,2021,198,https://data.census.gov/cedsci/table?q=S1502&tid=ACSST5Y2019.S1502
geoId/53071,Walla Walla County,2021,1478,https://data.census.gov/cedsci/table?q=S2701&tid=ACSST5Y2020.S2701,2015,37,https://www.census.gov/programs-surveys/acs/data/data-via-ftp.html,2023,61568,https://www2.census.gov/programs-surveys/popest/tables,2021,4102,https://data.census.gov/cedsci/table?q=S1502&tid=ACSST5Y2019.S1502,2021,2763,https://data.census.gov/cedsci/table?q=S1502&tid=ACSST5Y2019.S1502
geoId/53073,Whatcom County,2021,2297,https://data.census.gov/cedsci/table?q=S2701&tid=ACSST5Y2020.S2701,2015,251,https://www.census.gov/programs-surveys/acs/data/data-via-ftp.html,2023,231919,https://www2.census.gov/programs-surveys/popest/tables,2021,22175,https://data.census.gov/cedsci/table?q=S1502&tid=ACSST5Y2019.S1502,2021,15251,https://data.census.gov/cedsci/table?q=S1502&tid=ACSST5Y2019.S1502
geoId/53075,Whitman County,2021,342,https://data.census.gov/cedsci/table?q=S2701&tid=ACSST5Y2020.S2701,2015,91,https://www.census.gov/programs-surveys/acs/data/data-via-ftp.html,2023,48012,https://www2.census.gov/programs-surveys/popest/tables,2021,5937,https://data.census.gov/cedsci/table?q=S1502&tid=ACSST5Y2019.S1502,2021,2461,https://data.census.gov/cedsci/table?q=S1502&tid=ACSST5Y2019.S1502
geoId/53077,Yakima County,2021,15983,https://data.census.gov/cedsci/table?q=S2701&tid=ACSST5Y2020.S2701,2015,22,https://www.census.gov/programs-surveys/acs/data/data-via-ftp.html,2023,256643,https://www2.census.gov/programs-surveys/popest/tables,2021,8510,https://data.census.gov/cedsci/table?q=S1502&tid=ACSST5Y2019.S1502,2021,5474,https://data.census.gov/cedsci/table?q=S1502&tid=ACSST5Y2019.S1502
